Workbook

Sheet Overview
A1: Floor test matrix: bare against enclosed
A2: Share of planned trials done for each floor, condition, day and radius. Fill in the yellow Done column on the Trials sheet; this grid updates itself.
A4: Drops per radius per block | C4: 5 | D4: 5 per the procedure (section 1); 3 when short on time.
A6: Floor | B6: Condition | C6: Day 1 | G6: Day 2 | K6: All
C7: 1 m | D7: 2 m | E7: 3 m | F7: Noise baselines | G7: 1 m | H7: 2 m | I7: 3 m | J7: Noise baselines
A8: tile | B8: Bare | C8: =IFERROR(SUMIFS(Trials!$L$2:$L$97,Trials!$A$2:$A$97,"tile",Trials!$B$2:$B$97,"Day 1",Trials!$D$2:$D$97,$B8,Trials!$F$2:$F$97,"1 m")/SUMIFS(Trials!$G$2:$G$97,Trials!$A$2:$A$97,"tile",Trials!$B$2:$B$97,"Day 1",Trials!$D$2:$D$97,$B8,Trials!$F$2:$F$97,"1 m"),0) -> 0 | D8: =IFERROR(SUMIFS(Trials!$L$2:$L$97,Trials!$A$2:$A$97,"tile",Trials!$B$2:$B$97,"Day 1",Trials!$D$2:$D$97,$B8,Trials!$F$2:$F$97,"2 m")/SUMIFS(Trials!$G$2:$G$97,Trials!$A$2:$A$97,"tile",Trials!$B$2:$B$97,"Day 1",Trials!$D$2:$D$97,$B8,Trials!$F$2:$F$97,"2 m"),0) -> 0 | E8: =IFERROR(SUMIFS(Trials!$L$2:$L$97,Trials!$A$2:$A$97,"tile",Trials!$B$2:$B$97,"Day 1",Trials!$D$2:$D$97,$B8,Trials!$F$2:$F$97,"3 m")/SUMIFS(Trials!$G$2:$G$97,Trials!$A$2:$A$97,"tile",Trials!$B$2:$B$97,"Day 1",Trials!$D$2:$D$97,$B8,Trials!$F$2:$F$97,"3 m"),0) -> 0 | F8: =IFERROR(SUMIFS(Trials!$L$2:$L$97,Trials!$A$2:$A$97,"tile",Trials!$B$2:$B$97,"Day 1",Trials!$D$2:$D$97,$B8,Trials!$F$2:$F$97,"Noise baseline")/SUMIFS(Trials!$G$2:$G$97,Trials!$A$2:$A$97,"tile",Trials!$B$2:$B$97,"Day 1",Trials!$D$2:$D$97,$B8,Trials!$F$2:$F$97,"Noise baseline"),0) -> 0 | G8: =IFERROR(SUMIFS(Trials!$L$2:$L$97,Trials!$A$2:$A$97,"tile",Trials!$B$2:$B$97,"Day 2",Trials!$D$2:$D$97,$B8,Trials!$F$2:$F$97,"1 m")/SUMIFS(Trials!$G$2:$G$97,Trials!$A$2:$A$97,"tile",Trials!$B$2:$B$97,"Day 2",Trials!$D$2:$D$97,$B8,Trials!$F$2:$F$97,"1 m"),0) -> 0 | H8: =IFERROR(SUMIFS(Trials!$L$2:$L$97,Trials!$A$2:$A$97,"tile",Trials!$B$2:$B$97,"Day 2",Trials!$D$2:$D$97,$B8,Trials!$F$2:$F$97,"2 m")/SUMIFS(Trials!$G$2:$G$97,Trials!$A$2:$A$97,"tile",Trials!$B$2:$B$97,"Day 2",Trials!$D$2:$D$97,$B8,Trials!$F$2:$F$97,"2 m"),0) -> 0 | I8: =IFERROR(SUMIFS(Trials!$L$2:$L$97,Trials!$A$2:$A$97,"tile",Trials!$B$2:$B$97,"Day 2",Trials!$D$2:$D$97,$B8,Trials!$F$2:$F$97,"3 m")/SUMIFS(Trials!$G$2:$G$97,Trials!$A$2:$A$97,"tile",Trials!$B$2:$B$97,"Day 2",Trials!$D$2:$D$97,$B8,Trials!$F$2:$F$97,"3 m"),0) -> 0 | J8: =IFERROR(SUMIFS(Trials!$L$2:$L$97,Trials!$A$2:$A$97,"tile",Trials!$B$2:$B$97,"Day 2",Trials!$D$2:$D$97,$B8,Trials!$F$2:$F$97,"Noise baseline")/SUMIFS(Trials!$G$2:$G$97,Trials!$A$2:$A$97,"tile",Trials!$B$2:$B$97,"Day 2",Trials!$D$2:$D$97,$B8,Trials!$F$2:$F$97,"Noise baseline"),0) -> 0 | K8: =IFERROR(SUMIFS(Trials!$L$2:$L$97,Trials!$A$2:$A$97,"tile",Trials!$D$2:$D$97,$B8)/SUMIFS(Trials!$G$2:$G$97,Trials!$A$2:$A$97,"tile",Trials!$D$2:$D$97,$B8),0) -> 0
B9: Enclosed | C9: =IFERROR(SUMIFS(Trials!$L$2:$L$97,Trials!$A$2:$A$97,"tile",Trials!$B$2:$B$97,"Day 1",Trials!$D$2:$D$97,$B9,Trials!$F$2:$F$97,"1 m")/SUMIFS(Trials!$G$2:$G$97,Trials!$A$2:$A$97,"tile",Trials!$B$2:$B$97,"Day 1",Trials!$D$2:$D$97,$B9,Trials!$F$2:$F$97,"1 m"),0) -> 0 | D9: =IFERROR(SUMIFS(Trials!$L$2:$L$97,Trials!$A$2:$A$97,"tile",Trials!$B$2:$B$97,"Day 1",Trials!$D$2:$D$97,$B9,Trials!$F$2:$F$97,"2 m")/SUMIFS(Trials!$G$2:$G$97,Trials!$A$2:$A$97,"tile",Trials!$B$2:$B$97,"Day 1",Trials!$D$2:$D$97,$B9,Trials!$F$2:$F$97,"2 m"),0) -> 0 | E9: =IFERROR(SUMIFS(Trials!$L$2:$L$97,Trials!$A$2:$A$97,"tile",Trials!$B$2:$B$97,"Day 1",Trials!$D$2:$D$97,$B9,Trials!$F$2:$F$97,"3 m")/SUMIFS(Trials!$G$2:$G$97,Trials!$A$2:$A$97,"tile",Trials!$B$2:$B$97,"Day 1",Trials!$D$2:$D$97,$B9,Trials!$F$2:$F$97,"3 m"),0) -> 0 | F9: =IFERROR(SUMIFS(Trials!$L$2:$L$97,Trials!$A$2:$A$97,"tile",Trials!$B$2:$B$97,"Day 1",Trials!$D$2:$D$97,$B9,Trials!$F$2:$F$97,"Noise baseline")/SUMIFS(Trials!$G$2:$G$97,Trials!$A$2:$A$97,"tile",Trials!$B$2:$B$97,"Day 1",Trials!$D$2:$D$97,$B9,Trials!$F$2:$F$97,"Noise baseline"),0) -> 0 | G9: =IFERROR(SUMIFS(Trials!$L$2:$L$97,Trials!$A$2:$A$97,"tile",Trials!$B$2:$B$97,"Day 2",Trials!$D$2:$D$97,$B9,Trials!$F$2:$F$97,"1 m")/SUMIFS(Trials!$G$2:$G$97,Trials!$A$2:$A$97,"tile",Trials!$B$2:$B$97,"Day 2",Trials!$D$2:$D$97,$B9,Trials!$F$2:$F$97,"1 m"),0) -> 0 | H9: =IFERROR(SUMIFS(Trials!$L$2:$L$97,Trials!$A$2:$A$97,"tile",Trials!$B$2:$B$97,"Day 2",Trials!$D$2:$D$97,$B9,Trials!$F$2:$F$97,"2 m")/SUMIFS(Trials!$G$2:$G$97,Trials!$A$2:$A$97,"tile",Trials!$B$2:$B$97,"Day 2",Trials!$D$2:$D$97,$B9,Trials!$F$2:$F$97,"2 m"),0) -> 0 | I9: =IFERROR(SUMIFS(Trials!$L$2:$L$97,Trials!$A$2:$A$97,"tile",Trials!$B$2:$B$97,"Day 2",Trials!$D$2:$D$97,$B9,Trials!$F$2:$F$97,"3 m")/SUMIFS(Trials!$G$2:$G$97,Trials!$A$2:$A$97,"tile",Trials!$B$2:$B$97,"Day 2",Trials!$D$2:$D$97,$B9,Trials!$F$2:$F$97,"3 m"),0) -> 0 | J9: =IFERROR(SUMIFS(Trials!$L$2:$L$97,Trials!$A$2:$A$97,"tile",Trials!$B$2:$B$97,"Day 2",Trials!$D$2:$D$97,$B9,Trials!$F$2:$F$97,"Noise baseline")/SUMIFS(Trials!$G$2:$G$97,Trials!$A$2:$A$97,"tile",Trials!$B$2:$B$97,"Day 2",Trials!$D$2:$D$97,$B9,Trials!$F$2:$F$97,"Noise baseline"),0) -> 0 | K9: =IFERROR(SUMIFS(Trials!$L$2:$L$97,Trials!$A$2:$A$97,"tile",Trials!$D$2:$D$97,$B9)/SUMIFS(Trials!$G$2:$G$97,Trials!$A$2:$A$97,"tile",Trials!$D$2:$D$97,$B9),0) -> 0
A10: wood | B10: Bare | C10: =IFERROR(SUMIFS(Trials!$L$2:$L$97,Trials!$A$2:$A$97,"wood",Trials!$B$2:$B$97,"Day 1",Trials!$D$2:$D$97,$B10,Trials!$F$2:$F$97,"1 m")/SUMIFS(Trials!$G$2:$G$97,Trials!$A$2:$A$97,"wood",Trials!$B$2:$B$97,"Day 1",Trials!$D$2:$D$97,$B10,Trials!$F$2:$F$97,"1 m"),0) -> 0 | D10: =IFERROR(SUMIFS(Trials!$L$2:$L$97,Trials!$A$2:$A$97,"wood",Trials!$B$2:$B$97,"Day 1",Trials!$D$2:$D$97,$B10,Trials!$F$2:$F$97,"2 m")/SUMIFS(Trials!$G$2:$G$97,Trials!$A$2:$A$97,"wood",Trials!$B$2:$B$97,"Day 1",Trials!$D$2:$D$97,$B10,Trials!$F$2:$F$97,"2 m"),0) -> 0 | E10: =IFERROR(SUMIFS(Trials!$L$2:$L$97,Trials!$A$2:$A$97,"wood",Trials!$B$2:$B$97,"Day 1",Trials!$D$2:$D$97,$B10,Trials!$F$2:$F$97,"3 m")/SUMIFS(Trials!$G$2:$G$97,Trials!$A$2:$A$97,"wood",Trials!$B$2:$B$97,"Day 1",Trials!$D$2:$D$97,$B10,Trials!$F$2:$F$97,"3 m"),0) -> 0 | F10: =IFERROR(SUMIFS(Trials!$L$2:$L$97,Trials!$A$2:$A$97,"wood",Trials!$B$2:$B$97,"Day 1",Trials!$D$2:$D$97,$B10,Trials!$F$2:$F$97,"Noise baseline")/SUMIFS(Trials!$G$2:$G$97,Trials!$A$2:$A$97,"wood",Trials!$B$2:$B$97,"Day 1",Trials!$D$2:$D$97,$B10,Trials!$F$2:$F$97,"Noise baseline"),0) -> 0 | G10: =IFERROR(SUMIFS(Trials!$L$2:$L$97,Trials!$A$2:$A$97,"wood",Trials!$B$2:$B$97,"Day 2",Trials!$D$2:$D$97,$B10,Trials!$F$2:$F$97,"1 m")/SUMIFS(Trials!$G$2:$G$97,Trials!$A$2:$A$97,"wood",Trials!$B$2:$B$97,"Day 2",Trials!$D$2:$D$97,$B10,Trials!$F$2:$F$97,"1 m"),0) -> 0 | H10: =IFERROR(SUMIFS(Trials!$L$2:$L$97,Trials!$A$2:$A$97,"wood",Trials!$B$2:$B$97,"Day 2",Trials!$D$2:$D$97,$B10,Trials!$F$2:$F$97,"2 m")/SUMIFS(Trials!$G$2:$G$97,Trials!$A$2:$A$97,"wood",Trials!$B$2:$B$97,"Day 2",Trials!$D$2:$D$97,$B10,Trials!$F$2:$F$97,"2 m"),0) -> 0 | I10: =IFERROR(SUMIFS(Trials!$L$2:$L$97,Trials!$A$2:$A$97,"wood",Trials!$B$2:$B$97,"Day 2",Trials!$D$2:$D$97,$B10,Trials!$F$2:$F$97,"3 m")/SUMIFS(Trials!$G$2:$G$97,Trials!$A$2:$A$97,"wood",Trials!$B$2:$B$97,"Day 2",Trials!$D$2:$D$97,$B10,Trials!$F$2:$F$97,"3 m"),0) -> 0 | J10: =IFERROR(SUMIFS(Trials!$L$2:$L$97,Trials!$A$2:$A$97,"wood",Trials!$B$2:$B$97,"Day 2",Trials!$D$2:$D$97,$B10,Trials!$F$2:$F$97,"Noise baseline")/SUMIFS(Trials!$G$2:$G$97,Trials!$A$2:$A$97,"wood",Trials!$B$2:$B$97,"Day 2",Trials!$D$2:$D$97,$B10,Trials!$F$2:$F$97,"Noise baseline"),0) -> 0 | K10: =IFERROR(SUMIFS(Trials!$L$2:$L$97,Trials!$A$2:$A$97,"wood",Trials!$D$2:$D$97,$B10)/SUMIFS(Trials!$G$2:$G$97,Trials!$A$2:$A$97,"wood",Trials!$D$2:$D$97,$B10),0) -> 0
B11: Enclosed | C11: =IFERROR(SUMIFS(Trials!$L$2:$L$97,Trials!$A$2:$A$97,"wood",Trials!$B$2:$B$97,"Day 1",Trials!$D$2:$D$97,$B11,Trials!$F$2:$F$97,"1 m")/SUMIFS(Trials!$G$2:$G$97,Trials!$A$2:$A$97,"wood",Trials!$B$2:$B$97,"Day 1",Trials!$D$2:$D$97,$B11,Trials!$F$2:$F$97,"1 m"),0) -> 0 | D11: =IFERROR(SUMIFS(Trials!$L$2:$L$97,Trials!$A$2:$A$97,"wood",Trials!$B$2:$B$97,"Day 1",Trials!$D$2:$D$97,$B11,Trials!$F$2:$F$97,"2 m")/SUMIFS(Trials!$G$2:$G$97,Trials!$A$2:$A$97,"wood",Trials!$B$2:$B$97,"Day 1",Trials!$D$2:$D$97,$B11,Trials!$F$2:$F$97,"2 m"),0) -> 0 | E11: =IFERROR(SUMIFS(Trials!$L$2:$L$97,Trials!$A$2:$A$97,"wood",Trials!$B$2:$B$97,"Day 1",Trials!$D$2:$D$97,$B11,Trials!$F$2:$F$97,"3 m")/SUMIFS(Trials!$G$2:$G$97,Trials!$A$2:$A$97,"wood",Trials!$B$2:$B$97,"Day 1",Trials!$D$2:$D$97,$B11,Trials!$F$2:$F$97,"3 m"),0) -> 0 | F11: =IFERROR(SUMIFS(Trials!$L$2:$L$97,Trials!$A$2:$A$97,"wood",Trials!$B$2:$B$97,"Day 1",Trials!$D$2:$D$97,$B11,Trials!$F$2:$F$97,"Noise baseline")/SUMIFS(Trials!$G$2:$G$97,Trials!$A$2:$A$97,"wood",Trials!$B$2:$B$97,"Day 1",Trials!$D$2:$D$97,$B11,Trials!$F$2:$F$97,"Noise baseline"),0) -> 0 | G11: =IFERROR(SUMIFS(Trials!$L$2:$L$97,Trials!$A$2:$A$97,"wood",Trials!$B$2:$B$97,"Day 2",Trials!$D$2:$D$97,$B11,Trials!$F$2:$F$97,"1 m")/SUMIFS(Trials!$G$2:$G$97,Trials!$A$2:$A$97,"wood",Trials!$B$2:$B$97,"Day 2",Trials!$D$2:$D$97,$B11,Trials!$F$2:$F$97,"1 m"),0) -> 0 | H11: =IFERROR(SUMIFS(Trials!$L$2:$L$97,Trials!$A$2:$A$97,"wood",Trials!$B$2:$B$97,"Day 2",Trials!$D$2:$D$97,$B11,Trials!$F$2:$F$97,"2 m")/SUMIFS(Trials!$G$2:$G$97,Trials!$A$2:$A$97,"wood",Trials!$B$2:$B$97,"Day 2",Trials!$D$2:$D$97,$B11,Trials!$F$2:$F$97,"2 m"),0) -> 0 | I11: =IFERROR(SUMIFS(Trials!$L$2:$L$97,Trials!$A$2:$A$97,"wood",Trials!$B$2:$B$97,"Day 2",Trials!$D$2:$D$97,$B11,Trials!$F$2:$F$97,"3 m")/SUMIFS(Trials!$G$2:$G$97,Trials!$A$2:$A$97,"wood",Trials!$B$2:$B$97,"Day 2",Trials!$D$2:$D$97,$B11,Trials!$F$2:$F$97,"3 m"),0) -> 0 | J11: =IFERROR(SUMIFS(Trials!$L$2:$L$97,Trials!$A$2:$A$97,"wood",Trials!$B$2:$B$97,"Day 2",Trials!$D$2:$D$97,$B11,Trials!$F$2:$F$97,"Noise baseline")/SUMIFS(Trials!$G$2:$G$97,Trials!$A$2:$A$97,"wood",Trials!$B$2:$B$97,"Day 2",Trials!$D$2:$D$97,$B11,Trials!$F$2:$F$97,"Noise baseline"),0) -> 0 | K11: =IFERROR(SUMIFS(Trials!$L$2:$L$97,Trials!$A$2:$A$97,"wood",Trials!$D$2:$D$97,$B11)/SUMIFS(Trials!$G$2:$G$97,Trials!$A$2:$A$97,"wood",Trials!$D$2:$D$97,$B11),0) -> 0
A12: carpet | B12: Bare | C12: =IFERROR(SUMIFS(Trials!$L$2:$L$97,Trials!$A$2:$A$97,"carpet",Trials!$B$2:$B$97,"Day 1",Trials!$D$2:$D$97,$B12,Trials!$F$2:$F$97,"1 m")/SUMIFS(Trials!$G$2:$G$97,Trials!$A$2:$A$97,"carpet",Trials!$B$2:$B$97,"Day 1",Trials!$D$2:$D$97,$B12,Trials!$F$2:$F$97,"1 m"),0) -> 0 | D12: =IFERROR(SUMIFS(Trials!$L$2:$L$97,Trials!$A$2:$A$97,"carpet",Trials!$B$2:$B$97,"Day 1",Trials!$D$2:$D$97,$B12,Trials!$F$2:$F$97,"2 m")/SUMIFS(Trials!$G$2:$G$97,Trials!$A$2:$A$97,"carpet",Trials!$B$2:$B$97,"Day 1",Trials!$D$2:$D$97,$B12,Trials!$F$2:$F$97,"2 m"),0) -> 0 | E12: =IFERROR(SUMIFS(Trials!$L$2:$L$97,Trials!$A$2:$A$97,"carpet",Trials!$B$2:$B$97,"Day 1",Trials!$D$2:$D$97,$B12,Trials!$F$2:$F$97,"3 m")/SUMIFS(Trials!$G$2:$G$97,Trials!$A$2:$A$97,"carpet",Trials!$B$2:$B$97,"Day 1",Trials!$D$2:$D$97,$B12,Trials!$F$2:$F$97,"3 m"),0) -> 0 | F12: =IFERROR(SUMIFS(Trials!$L$2:$L$97,Trials!$A$2:$A$97,"carpet",Trials!$B$2:$B$97,"Day 1",Trials!$D$2:$D$97,$B12,Trials!$F$2:$F$97,"Noise baseline")/SUMIFS(Trials!$G$2:$G$97,Trials!$A$2:$A$97,"carpet",Trials!$B$2:$B$97,"Day 1",Trials!$D$2:$D$97,$B12,Trials!$F$2:$F$97,"Noise baseline"),0) -> 0 | G12: =IFERROR(SUMIFS(Trials!$L$2:$L$97,Trials!$A$2:$A$97,"carpet",Trials!$B$2:$B$97,"Day 2",Trials!$D$2:$D$97,$B12,Trials!$F$2:$F$97,"1 m")/SUMIFS(Trials!$G$2:$G$97,Trials!$A$2:$A$97,"carpet",Trials!$B$2:$B$97,"Day 2",Trials!$D$2:$D$97,$B12,Trials!$F$2:$F$97,"1 m"),0) -> 0 | H12: =IFERROR(SUMIFS(Trials!$L$2:$L$97,Trials!$A$2:$A$97,"carpet",Trials!$B$2:$B$97,"Day 2",Trials!$D$2:$D$97,$B12,Trials!$F$2:$F$97,"2 m")/SUMIFS(Trials!$G$2:$G$97,Trials!$A$2:$A$97,"carpet",Trials!$B$2:$B$97,"Day 2",Trials!$D$2:$D$97,$B12,Trials!$F$2:$F$97,"2 m"),0) -> 0 | I12: =IFERROR(SUMIFS(Trials!$L$2:$L$97,Trials!$A$2:$A$97,"carpet",Trials!$B$2:$B$97,"Day 2",Trials!$D$2:$D$97,$B12,Trials!$F$2:$F$97,"3 m")/SUMIFS(Trials!$G$2:$G$97,Trials!$A$2:$A$97,"carpet",Trials!$B$2:$B$97,"Day 2",Trials!$D$2:$D$97,$B12,Trials!$F$2:$F$97,"3 m"),0) -> 0 | J12: =IFERROR(SUMIFS(Trials!$L$2:$L$97,Trials!$A$2:$A$97,"carpet",Trials!$B$2:$B$97,"Day 2",Trials!$D$2:$D$97,$B12,Trials!$F$2:$F$97,"Noise baseline")/SUMIFS(Trials!$G$2:$G$97,Trials!$A$2:$A$97,"carpet",Trials!$B$2:$B$97,"Day 2",Trials!$D$2:$D$97,$B12,Trials!$F$2:$F$97,"Noise baseline"),0) -> 0 | K12: =IFERROR(SUMIFS(Trials!$L$2:$L$97,Trials!$A$2:$A$97,"carpet",Trials!$D$2:$D$97,$B12)/SUMIFS(Trials!$G$2:$G$97,Trials!$A$2:$A$97,"carpet",Trials!$D$2:$D$97,$B12),0) -> 0
B13: Enclosed | C13: =IFERROR(SUMIFS(Trials!$L$2:$L$97,Trials!$A$2:$A$97,"carpet",Trials!$B$2:$B$97,"Day 1",Trials!$D$2:$D$97,$B13,Trials!$F$2:$F$97,"1 m")/SUMIFS(Trials!$G$2:$G$97,Trials!$A$2:$A$97,"carpet",Trials!$B$2:$B$97,"Day 1",Trials!$D$2:$D$97,$B13,Trials!$F$2:$F$97,"1 m"),0) -> 0 | D13: =IFERROR(SUMIFS(Trials!$L$2:$L$97,Trials!$A$2:$A$97,"carpet",Trials!$B$2:$B$97,"Day 1",Trials!$D$2:$D$97,$B13,Trials!$F$2:$F$97,"2 m")/SUMIFS(Trials!$G$2:$G$97,Trials!$A$2:$A$97,"carpet",Trials!$B$2:$B$97,"Day 1",Trials!$D$2:$D$97,$B13,Trials!$F$2:$F$97,"2 m"),0) -> 0 | E13: =IFERROR(SUMIFS(Trials!$L$2:$L$97,Trials!$A$2:$A$97,"carpet",Trials!$B$2:$B$97,"Day 1",Trials!$D$2:$D$97,$B13,Trials!$F$2:$F$97,"3 m")/SUMIFS(Trials!$G$2:$G$97,Trials!$A$2:$A$97,"carpet",Trials!$B$2:$B$97,"Day 1",Trials!$D$2:$D$97,$B13,Trials!$F$2:$F$97,"3 m"),0) -> 0 | F13: =IFERROR(SUMIFS(Trials!$L$2:$L$97,Trials!$A$2:$A$97,"carpet",Trials!$B$2:$B$97,"Day 1",Trials!$D$2:$D$97,$B13,Trials!$F$2:$F$97,"Noise baseline")/SUMIFS(Trials!$G$2:$G$97,Trials!$A$2:$A$97,"carpet",Trials!$B$2:$B$97,"Day 1",Trials!$D$2:$D$97,$B13,Trials!$F$2:$F$97,"Noise baseline"),0) -> 0 | G13: =IFERROR(SUMIFS(Trials!$L$2:$L$97,Trials!$A$2:$A$97,"carpet",Trials!$B$2:$B$97,"Day 2",Trials!$D$2:$D$97,$B13,Trials!$F$2:$F$97,"1 m")/SUMIFS(Trials!$G$2:$G$97,Trials!$A$2:$A$97,"carpet",Trials!$B$2:$B$97,"Day 2",Trials!$D$2:$D$97,$B13,Trials!$F$2:$F$97,"1 m"),0) -> 0 | H13: =IFERROR(SUMIFS(Trials!$L$2:$L$97,Trials!$A$2:$A$97,"carpet",Trials!$B$2:$B$97,"Day 2",Trials!$D$2:$D$97,$B13,Trials!$F$2:$F$97,"2 m")/SUMIFS(Trials!$G$2:$G$97,Trials!$A$2:$A$97,"carpet",Trials!$B$2:$B$97,"Day 2",Trials!$D$2:$D$97,$B13,Trials!$F$2:$F$97,"2 m"),0) -> 0 | I13: =IFERROR(SUMIFS(Trials!$L$2:$L$97,Trials!$A$2:$A$97,"carpet",Trials!$B$2:$B$97,"Day 2",Trials!$D$2:$D$97,$B13,Trials!$F$2:$F$97,"3 m")/SUMIFS(Trials!$G$2:$G$97,Trials!$A$2:$A$97,"carpet",Trials!$B$2:$B$97,"Day 2",Trials!$D$2:$D$97,$B13,Trials!$F$2:$F$97,"3 m"),0) -> 0 | J13: =IFERROR(SUMIFS(Trials!$L$2:$L$97,Trials!$A$2:$A$97,"carpet",Trials!$B$2:$B$97,"Day 2",Trials!$D$2:$D$97,$B13,Trials!$F$2:$F$97,"Noise baseline")/SUMIFS(Trials!$G$2:$G$97,Trials!$A$2:$A$97,"carpet",Trials!$B$2:$B$97,"Day 2",Trials!$D$2:$D$97,$B13,Trials!$F$2:$F$97,"Noise baseline"),0) -> 0 | K13: =IFERROR(SUMIFS(Trials!$L$2:$L$97,Trials!$A$2:$A$97,"carpet",Trials!$D$2:$D$97,$B13)/SUMIFS(Trials!$G$2:$G$97,Trials!$A$2:$A$97,"carpet",Trials!$D$2:$D$97,$B13),0) -> 0
A14: All floors | C14: =IFERROR(SUMIFS(Trials!$L$2:$L$97,Trials!$B$2:$B$97,"Day 1",Trials!$F$2:$F$97,"1 m")/SUMIFS(Trials!$G$2:$G$97,Trials!$B$2:$B$97,"Day 1",Trials!$F$2:$F$97,"1 m"),0) -> 0 | D14: =IFERROR(SUMIFS(Trials!$L$2:$L$97,Trials!$B$2:$B$97,"Day 1",Trials!$F$2:$F$97,"2 m")/SUMIFS(Trials!$G$2:$G$97,Trials!$B$2:$B$97,"Day 1",Trials!$F$2:$F$97,"2 m"),0) -> 0 | E14: =IFERROR(SUMIFS(Trials!$L$2:$L$97,Trials!$B$2:$B$97,"Day 1",Trials!$F$2:$F$97,"3 m")/SUMIFS(Trials!$G$2:$G$97,Trials!$B$2:$B$97,"Day 1",Trials!$F$2:$F$97,"3 m"),0) -> 0 | F14: =IFERROR(SUMIFS(Trials!$L$2:$L$97,Trials!$B$2:$B$97,"Day 1",Trials!$F$2:$F$97,"Noise baseline")/SUMIFS(Trials!$G$2:$G$97,Trials!$B$2:$B$97,"Day 1",Trials!$F$2:$F$97,"Noise baseline"),0) -> 0 | G14: =IFERROR(SUMIFS(Trials!$L$2:$L$97,Trials!$B$2:$B$97,"Day 2",Trials!$F$2:$F$97,"1 m")/SUMIFS(Trials!$G$2:$G$97,Trials!$B$2:$B$97,"Day 2",Trials!$F$2:$F$97,"1 m"),0) -> 0 | H14: =IFERROR(SUMIFS(Trials!$L$2:$L$97,Trials!$B$2:$B$97,"Day 2",Trials!$F$2:$F$97,"2 m")/SUMIFS(Trials!$G$2:$G$97,Trials!$B$2:$B$97,"Day 2",Trials!$F$2:$F$97,"2 m"),0) -> 0 | I14: =IFERROR(SUMIFS(Trials!$L$2:$L$97,Trials!$B$2:$B$97,"Day 2",Trials!$F$2:$F$97,"3 m")/SUMIFS(Trials!$G$2:$G$97,Trials!$B$2:$B$97,"Day 2",Trials!$F$2:$F$97,"3 m"),0) -> 0 | J14: =IFERROR(SUMIFS(Trials!$L$2:$L$97,Trials!$B$2:$B$97,"Day 2",Trials!$F$2:$F$97,"Noise baseline")/SUMIFS(Trials!$G$2:$G$97,Trials!$B$2:$B$97,"Day 2",Trials!$F$2:$F$97,"Noise baseline"),0) -> 0 | K14: =IFERROR(SUM(Trials!$L$2:$L$97)/SUM(Trials!$G$2:$G$97),0) -> 0
C16: Every planned trial done
C17: Started, not finished
C18: Not started
A20: Each grid cell covers both blocks of that condition (blocks 1 and 3 bare, 2 and 4 enclosed), so 100% at a radius is 2 × the drops per block.
A21: Noise baselines: one 60 s baseline per block, so 2 per condition per day.
A22: Day 2 repeats the same plan on the same floor on a different day and at a different time of day.
A23: The procedure is docs/testing/floor_procedure.md.

Sheet Trials
A1: Floor | B1: Day | C1: Block | D1: Condition | E1: ID prefix | F1: Radius | G1: Planned | H1: Done | I1: Status | J1: Date done | K1: Notes | L1: Counted (auto)
A2: tile | B2: Day 1 | C2: 1 | D2: Bare | E2: tile_bare_1 | F2: Noise baseline | G2: 1 | I2: =IF(H2="","Not started",IF(H2>=G2,"Done","Partial")) -> Not started | L2: =MIN(N(H2),G2) -> 0
A3: tile | B3: Day 1 | C3: 1 | D3: Bare | E3: tile_bare_1 | F3: 1 m | G3: =Overview!$C$4 -> 5 | I3: =IF(H3="","Not started",IF(H3>=G3,"Done","Partial")) -> Not started | L3: =MIN(N(H3),G3) -> 0
A4: tile | B4: Day 1 | C4: 1 | D4: Bare | E4: tile_bare_1 | F4: 2 m | G4: =Overview!$C$4 -> 5 | I4: =IF(H4="","Not started",IF(H4>=G4,"Done","Partial")) -> Not started | L4: =MIN(N(H4),G4) -> 0
A5: tile | B5: Day 1 | C5: 1 | D5: Bare | E5: tile_bare_1 | F5: 3 m | G5: =Overview!$C$4 -> 5 | I5: =IF(H5="","Not started",IF(H5>=G5,"Done","Partial")) -> Not started | L5: =MIN(N(H5),G5) -> 0
A6: tile | B6: Day 1 | C6: 2 | D6: Enclosed | E6: tile_vase_1 | F6: Noise baseline | G6: 1 | I6: =IF(H6="","Not started",IF(H6>=G6,"Done","Partial")) -> Not started | L6: =MIN(N(H6),G6) -> 0
A7: tile | B7: Day 1 | C7: 2 | D7: Enclosed | E7: tile_vase_1 | F7: 1 m | G7: =Overview!$C$4 -> 5 | I7: =IF(H7="","Not started",IF(H7>=G7,"Done","Partial")) -> Not started | L7: =MIN(N(H7),G7) -> 0
A8: tile | B8: Day 1 | C8: 2 | D8: Enclosed | E8: tile_vase_1 | F8: 2 m | G8: =Overview!$C$4 -> 5 | I8: =IF(H8="","Not started",IF(H8>=G8,"Done","Partial")) -> Not started | L8: =MIN(N(H8),G8) -> 0
A9: tile | B9: Day 1 | C9: 2 | D9: Enclosed | E9: tile_vase_1 | F9: 3 m | G9: =Overview!$C$4 -> 5 | I9: =IF(H9="","Not started",IF(H9>=G9,"Done","Partial")) -> Not started | L9: =MIN(N(H9),G9) -> 0
A10: tile | B10: Day 1 | C10: 3 | D10: Bare | E10: tile_bare_2 | F10: Noise baseline | G10: 1 | I10: =IF(H10="","Not started",IF(H10>=G10,"Done","Partial")) -> Not started | L10: =MIN(N(H10),G10) -> 0
A11: tile | B11: Day 1 | C11: 3 | D11: Bare | E11: tile_bare_2 | F11: 1 m | G11: =Overview!$C$4 -> 5 | I11: =IF(H11="","Not started",IF(H11>=G11,"Done","Partial")) -> Not started | L11: =MIN(N(H11),G11) -> 0
A12: tile | B12: Day 1 | C12: 3 | D12: Bare | E12: tile_bare_2 | F12: 2 m | G12: =Overview!$C$4 -> 5 | I12: =IF(H12="","Not started",IF(H12>=G12,"Done","Partial")) -> Not started | L12: =MIN(N(H12),G12) -> 0
A13: tile | B13: Day 1 | C13: 3 | D13: Bare | E13: tile_bare_2 | F13: 3 m | G13: =Overview!$C$4 -> 5 | I13: =IF(H13="","Not started",IF(H13>=G13,"Done","Partial")) -> Not started | L13: =MIN(N(H13),G13) -> 0
A14: tile | B14: Day 1 | C14: 4 | D14: Enclosed | E14: tile_vase_2 | F14: Noise baseline | G14: 1 | I14: =IF(H14="","Not started",IF(H14>=G14,"Done","Partial")) -> Not started | L14: =MIN(N(H14),G14) -> 0
A15: tile | B15: Day 1 | C15: 4 | D15: Enclosed | E15: tile_vase_2 | F15: 1 m | G15: =Overview!$C$4 -> 5 | I15: =IF(H15="","Not started",IF(H15>=G15,"Done","Partial")) -> Not started | L15: =MIN(N(H15),G15) -> 0
A16: tile | B16: Day 1 | C16: 4 | D16: Enclosed | E16: tile_vase_2 | F16: 2 m | G16: =Overview!$C$4 -> 5 | I16: =IF(H16="","Not started",IF(H16>=G16,"Done","Partial")) -> Not started | L16: =MIN(N(H16),G16) -> 0
A17: tile | B17: Day 1 | C17: 4 | D17: Enclosed | E17: tile_vase_2 | F17: 3 m | G17: =Overview!$C$4 -> 5 | I17: =IF(H17="","Not started",IF(H17>=G17,"Done","Partial")) -> Not started | L17: =MIN(N(H17),G17) -> 0
A18: tile | B18: Day 2 | C18: 1 | D18: Bare | E18: tile_bare_1 | F18: Noise baseline | G18: 1 | I18: =IF(H18="","Not started",IF(H18>=G18,"Done","Partial")) -> Not started | L18: =MIN(N(H18),G18) -> 0
A19: tile | B19: Day 2 | C19: 1 | D19: Bare | E19: tile_bare_1 | F19: 1 m | G19: =Overview!$C$4 -> 5 | I19: =IF(H19="","Not started",IF(H19>=G19,"Done","Partial")) -> Not started | L19: =MIN(N(H19),G19) -> 0
A20: tile | B20: Day 2 | C20: 1 | D20: Bare | E20: tile_bare_1 | F20: 2 m | G20: =Overview!$C$4 -> 5 | I20: =IF(H20="","Not started",IF(H20>=G20,"Done","Partial")) -> Not started | L20: =MIN(N(H20),G20) -> 0
A21: tile | B21: Day 2 | C21: 1 | D21: Bare | E21: tile_bare_1 | F21: 3 m | G21: =Overview!$C$4 -> 5 | I21: =IF(H21="","Not started",IF(H21>=G21,"Done","Partial")) -> Not started | L21: =MIN(N(H21),G21) -> 0
A22: tile | B22: Day 2 | C22: 2 | D22: Enclosed | E22: tile_vase_1 | F22: Noise baseline | G22: 1 | I22: =IF(H22="","Not started",IF(H22>=G22,"Done","Partial")) -> Not started | L22: =MIN(N(H22),G22) -> 0
A23: tile | B23: Day 2 | C23: 2 | D23: Enclosed | E23: tile_vase_1 | F23: 1 m | G23: =Overview!$C$4 -> 5 | I23: =IF(H23="","Not started",IF(H23>=G23,"Done","Partial")) -> Not started | L23: =MIN(N(H23),G23) -> 0
A24: tile | B24: Day 2 | C24: 2 | D24: Enclosed | E24: tile_vase_1 | F24: 2 m | G24: =Overview!$C$4 -> 5 | I24: =IF(H24="","Not started",IF(H24>=G24,"Done","Partial")) -> Not started | L24: =MIN(N(H24),G24) -> 0
A25: tile | B25: Day 2 | C25: 2 | D25: Enclosed | E25: tile_vase_1 | F25: 3 m | G25: =Overview!$C$4 -> 5 | I25: =IF(H25="","Not started",IF(H25>=G25,"Done","Partial")) -> Not started | L25: =MIN(N(H25),G25) -> 0
A26: tile | B26: Day 2 | C26: 3 | D26: Bare | E26: tile_bare_2 | F26: Noise baseline | G26: 1 | I26: =IF(H26="","Not started",IF(H26>=G26,"Done","Partial")) -> Not started | L26: =MIN(N(H26),G26) -> 0
A27: tile | B27: Day 2 | C27: 3 | D27: Bare | E27: tile_bare_2 | F27: 1 m | G27: =Overview!$C$4 -> 5 | I27: =IF(H27="","Not started",IF(H27>=G27,"Done","Partial")) -> Not started | L27: =MIN(N(H27),G27) -> 0
A28: tile | B28: Day 2 | C28: 3 | D28: Bare | E28: tile_bare_2 | F28: 2 m | G28: =Overview!$C$4 -> 5 | I28: =IF(H28="","Not started",IF(H28>=G28,"Done","Partial")) -> Not started | L28: =MIN(N(H28),G28) -> 0
A29: tile | B29: Day 2 | C29: 3 | D29: Bare | E29: tile_bare_2 | F29: 3 m | G29: =Overview!$C$4 -> 5 | I29: =IF(H29="","Not started",IF(H29>=G29,"Done","Partial")) -> Not started | L29: =MIN(N(H29),G29) -> 0
A30: tile | B30: Day 2 | C30: 4 | D30: Enclosed | E30: tile_vase_2 | F30: Noise baseline | G30: 1 | I30: =IF(H30="","Not started",IF(H30>=G30,"Done","Partial")) -> Not started | L30: =MIN(N(H30),G30) -> 0
A31: tile | B31: Day 2 | C31: 4 | D31: Enclosed | E31: tile_vase_2 | F31: 1 m | G31: =Overview!$C$4 -> 5 | I31: =IF(H31="","Not started",IF(H31>=G31,"Done","Partial")) -> Not started | L31: =MIN(N(H31),G31) -> 0
A32: tile | B32: Day 2 | C32: 4 | D32: Enclosed | E32: tile_vase_2 | F32: 2 m | G32: =Overview!$C$4 -> 5 | I32: =IF(H32="","Not started",IF(H32>=G32,"Done","Partial")) -> Not started | L32: =MIN(N(H32),G32) -> 0
A33: tile | B33: Day 2 | C33: 4 | D33: Enclosed | E33: tile_vase_2 | F33: 3 m | G33: =Overview!$C$4 -> 5 | I33: =IF(H33="","Not started",IF(H33>=G33,"Done","Partial")) -> Not started | L33: =MIN(N(H33),G33) -> 0
A34: wood | B34: Day 1 | C34: 1 | D34: Bare | E34: wood_bare_1 | F34: Noise baseline | G34: 1 | I34: =IF(H34="","Not started",IF(H34>=G34,"Done","Partial")) -> Not started | L34: =MIN(N(H34),G34) -> 0
A35: wood | B35: Day 1 | C35: 1 | D35: Bare | E35: wood_bare_1 | F35: 1 m | G35: =Overview!$C$4 -> 5 | I35: =IF(H35="","Not started",IF(H35>=G35,"Done","Partial")) -> Not started | L35: =MIN(N(H35),G35) -> 0
A36: wood | B36: Day 1 | C36: 1 | D36: Bare | E36: wood_bare_1 | F36: 2 m | G36: =Overview!$C$4 -> 5 | I36: =IF(H36="","Not started",IF(H36>=G36,"Done","Partial")) -> Not started | L36: =MIN(N(H36),G36) -> 0
A37: wood | B37: Day 1 | C37: 1 | D37: Bare | E37: wood_bare_1 | F37: 3 m | G37: =Overview!$C$4 -> 5 | I37: =IF(H37="","Not started",IF(H37>=G37,"Done","Partial")) -> Not started | L37: =MIN(N(H37),G37) -> 0
A38: wood | B38: Day 1 | C38: 2 | D38: Enclosed | E38: wood_vase_1 | F38: Noise baseline | G38: 1 | I38: =IF(H38="","Not started",IF(H38>=G38,"Done","Partial")) -> Not started | L38: =MIN(N(H38),G38) -> 0
A39: wood | B39: Day 1 | C39: 2 | D39: Enclosed | E39: wood_vase_1 | F39: 1 m | G39: =Overview!$C$4 -> 5 | I39: =IF(H39="","Not started",IF(H39>=G39,"Done","Partial")) -> Not started | L39: =MIN(N(H39),G39) -> 0
A40: wood | B40: Day 1 | C40: 2 | D40: Enclosed | E40: wood_vase_1 | F40: 2 m | G40: =Overview!$C$4 -> 5 | I40: =IF(H40="","Not started",IF(H40>=G40,"Done","Partial")) -> Not started | L40: =MIN(N(H40),G40) -> 0
A41: wood | B41: Day 1 | C41: 2 | D41: Enclosed | E41: wood_vase_1 | F41: 3 m | G41: =Overview!$C$4 -> 5 | I41: =IF(H41="","Not started",IF(H41>=G41,"Done","Partial")) -> Not started | L41: =MIN(N(H41),G41) -> 0
A42: wood | B42: Day 1 | C42: 3 | D42: Bare | E42: wood_bare_2 | F42: Noise baseline | G42: 1 | I42: =IF(H42="","Not started",IF(H42>=G42,"Done","Partial")) -> Not started | L42: =MIN(N(H42),G42) -> 0
A43: wood | B43: Day 1 | C43: 3 | D43: Bare | E43: wood_bare_2 | F43: 1 m | G43: =Overview!$C$4 -> 5 | I43: =IF(H43="","Not started",IF(H43>=G43,"Done","Partial")) -> Not started | L43: =MIN(N(H43),G43) -> 0
A44: wood | B44: Day 1 | C44: 3 | D44: Bare | E44: wood_bare_2 | F44: 2 m | G44: =Overview!$C$4 -> 5 | I44: =IF(H44="","Not started",IF(H44>=G44,"Done","Partial")) -> Not started | L44: =MIN(N(H44),G44) -> 0
A45: wood | B45: Day 1 | C45: 3 | D45: Bare | E45: wood_bare_2 | F45: 3 m | G45: =Overview!$C$4 -> 5 | I45: =IF(H45="","Not started",IF(H45>=G45,"Done","Partial")) -> Not started | L45: =MIN(N(H45),G45) -> 0
A46: wood | B46: Day 1 | C46: 4 | D46: Enclosed | E46: wood_vase_2 | F46: Noise baseline | G46: 1 | I46: =IF(H46="","Not started",IF(H46>=G46,"Done","Partial")) -> Not started | L46: =MIN(N(H46),G46) -> 0
A47: wood | B47: Day 1 | C47: 4 | D47: Enclosed | E47: wood_vase_2 | F47: 1 m | G47: =Overview!$C$4 -> 5 | I47: =IF(H47="","Not started",IF(H47>=G47,"Done","Partial")) -> Not started | L47: =MIN(N(H47),G47) -> 0
A48: wood | B48: Day 1 | C48: 4 | D48: Enclosed | E48: wood_vase_2 | F48: 2 m | G48: =Overview!$C$4 -> 5 | I48: =IF(H48="","Not started",IF(H48>=G48,"Done","Partial")) -> Not started | L48: =MIN(N(H48),G48) -> 0
A49: wood | B49: Day 1 | C49: 4 | D49: Enclosed | E49: wood_vase_2 | F49: 3 m | G49: =Overview!$C$4 -> 5 | I49: =IF(H49="","Not started",IF(H49>=G49,"Done","Partial")) -> Not started | L49: =MIN(N(H49),G49) -> 0
A50: wood | B50: Day 2 | C50: 1 | D50: Bare | E50: wood_bare_1 | F50: Noise baseline | G50: 1 | I50: =IF(H50="","Not started",IF(H50>=G50,"Done","Partial")) -> Not started | L50: =MIN(N(H50),G50) -> 0
A51: wood | B51: Day 2 | C51: 1 | D51: Bare | E51: wood_bare_1 | F51: 1 m | G51: =Overview!$C$4 -> 5 | I51: =IF(H51="","Not started",IF(H51>=G51,"Done","Partial")) -> Not started | L51: =MIN(N(H51),G51) -> 0
A52: wood | B52: Day 2 | C52: 1 | D52: Bare | E52: wood_bare_1 | F52: 2 m | G52: =Overview!$C$4 -> 5 | I52: =IF(H52="","Not started",IF(H52>=G52,"Done","Partial")) -> Not started | L52: =MIN(N(H52),G52) -> 0
A53: wood | B53: Day 2 | C53: 1 | D53: Bare | E53: wood_bare_1 | F53: 3 m | G53: =Overview!$C$4 -> 5 | I53: =IF(H53="","Not started",IF(H53>=G53,"Done","Partial")) -> Not started | L53: =MIN(N(H53),G53) -> 0
A54: wood | B54: Day 2 | C54: 2 | D54: Enclosed | E54: wood_vase_1 | F54: Noise baseline | G54: 1 | I54: =IF(H54="","Not started",IF(H54>=G54,"Done","Partial")) -> Not started | L54: =MIN(N(H54),G54) -> 0
A55: wood | B55: Day 2 | C55: 2 | D55: Enclosed | E55: wood_vase_1 | F55: 1 m | G55: =Overview!$C$4 -> 5 | I55: =IF(H55="","Not started",IF(H55>=G55,"Done","Partial")) -> Not started | L55: =MIN(N(H55),G55) -> 0
A56: wood | B56: Day 2 | C56: 2 | D56: Enclosed | E56: wood_vase_1 | F56: 2 m | G56: =Overview!$C$4 -> 5 | I56: =IF(H56="","Not started",IF(H56>=G56,"Done","Partial")) -> Not started | L56: =MIN(N(H56),G56) -> 0
A57: wood | B57: Day 2 | C57: 2 | D57: Enclosed | E57: wood_vase_1 | F57: 3 m | G57: =Overview!$C$4 -> 5 | I57: =IF(H57="","Not started",IF(H57>=G57,"Done","Partial")) -> Not started | L57: =MIN(N(H57),G57) -> 0
A58: wood | B58: Day 2 | C58: 3 | D58: Bare | E58: wood_bare_2 | F58: Noise baseline | G58: 1 | I58: =IF(H58="","Not started",IF(H58>=G58,"Done","Partial")) -> Not started | L58: =MIN(N(H58),G58) -> 0
A59: wood | B59: Day 2 | C59: 3 | D59: Bare | E59: wood_bare_2 | F59: 1 m | G59: =Overview!$C$4 -> 5 | I59: =IF(H59="","Not started",IF(H59>=G59,"Done","Partial")) -> Not started | L59: =MIN(N(H59),G59) -> 0
A60: wood | B60: Day 2 | C60: 3 | D60: Bare | E60: wood_bare_2 | F60: 2 m | G60: =Overview!$C$4 -> 5 | I60: =IF(H60="","Not started",IF(H60>=G60,"Done","Partial")) -> Not started | L60: =MIN(N(H60),G60) -> 0
A61: wood | B61: Day 2 | C61: 3 | D61: Bare | E61: wood_bare_2 | F61: 3 m | G61: =Overview!$C$4 -> 5 | I61: =IF(H61="","Not started",IF(H61>=G61,"Done","Partial")) -> Not started | L61: =MIN(N(H61),G61) -> 0
A62: wood | B62: Day 2 | C62: 4 | D62: Enclosed | E62: wood_vase_2 | F62: Noise baseline | G62: 1 | I62: =IF(H62="","Not started",IF(H62>=G62,"Done","Partial")) -> Not started | L62: =MIN(N(H62),G62) -> 0
A63: wood | B63: Day 2 | C63: 4 | D63: Enclosed | E63: wood_vase_2 | F63: 1 m | G63: =Overview!$C$4 -> 5 | I63: =IF(H63="","Not started",IF(H63>=G63,"Done","Partial")) -> Not started | L63: =MIN(N(H63),G63) -> 0
A64: wood | B64: Day 2 | C64: 4 | D64: Enclosed | E64: wood_vase_2 | F64: 2 m | G64: =Overview!$C$4 -> 5 | I64: =IF(H64="","Not started",IF(H64>=G64,"Done","Partial")) -> Not started | L64: =MIN(N(H64),G64) -> 0
A65: wood | B65: Day 2 | C65: 4 | D65: Enclosed | E65: wood_vase_2 | F65: 3 m | G65: =Overview!$C$4 -> 5 | I65: =IF(H65="","Not started",IF(H65>=G65,"Done","Partial")) -> Not started | L65: =MIN(N(H65),G65) -> 0
A66: carpet | B66: Day 1 | C66: 1 | D66: Bare | E66: carpet_bare_1 | F66: Noise baseline | G66: 1 | I66: =IF(H66="","Not started",IF(H66>=G66,"Done","Partial")) -> Not started | L66: =MIN(N(H66),G66) -> 0
A67: carpet | B67: Day 1 | C67: 1 | D67: Bare | E67: carpet_bare_1 | F67: 1 m | G67: =Overview!$C$4 -> 5 | I67: =IF(H67="","Not started",IF(H67>=G67,"Done","Partial")) -> Not started | L67: =MIN(N(H67),G67) -> 0
A68: carpet | B68: Day 1 | C68: 1 | D68: Bare | E68: carpet_bare_1 | F68: 2 m | G68: =Overview!$C$4 -> 5 | I68: =IF(H68="","Not started",IF(H68>=G68,"Done","Partial")) -> Not started | L68: =MIN(N(H68),G68) -> 0
A69: carpet | B69: Day 1 | C69: 1 | D69: Bare | E69: carpet_bare_1 | F69: 3 m | G69: =Overview!$C$4 -> 5 | I69: =IF(H69="","Not started",IF(H69>=G69,"Done","Partial")) -> Not started | L69: =MIN(N(H69),G69) -> 0
A70: carpet | B70: Day 1 | C70: 2 | D70: Enclosed | E70: carpet_vase_1 | F70: Noise baseline | G70: 1 | I70: =IF(H70="","Not started",IF(H70>=G70,"Done","Partial")) -> Not started | L70: =MIN(N(H70),G70) -> 0
A71: carpet | B71: Day 1 | C71: 2 | D71: Enclosed | E71: carpet_vase_1 | F71: 1 m | G71: =Overview!$C$4 -> 5 | I71: =IF(H71="","Not started",IF(H71>=G71,"Done","Partial")) -> Not started | L71: =MIN(N(H71),G71) -> 0
A72: carpet | B72: Day 1 | C72: 2 | D72: Enclosed | E72: carpet_vase_1 | F72: 2 m | G72: =Overview!$C$4 -> 5 | I72: =IF(H72="","Not started",IF(H72>=G72,"Done","Partial")) -> Not started | L72: =MIN(N(H72),G72) -> 0
A73: carpet | B73: Day 1 | C73: 2 | D73: Enclosed | E73: carpet_vase_1 | F73: 3 m | G73: =Overview!$C$4 -> 5 | I73: =IF(H73="","Not started",IF(H73>=G73,"Done","Partial")) -> Not started | L73: =MIN(N(H73),G73) -> 0
A74: carpet | B74: Day 1 | C74: 3 | D74: Bare | E74: carpet_bare_2 | F74: Noise baseline | G74: 1 | I74: =IF(H74="","Not started",IF(H74>=G74,"Done","Partial")) -> Not started | L74: =MIN(N(H74),G74) -> 0
A75: carpet | B75: Day 1 | C75: 3 | D75: Bare | E75: carpet_bare_2 | F75: 1 m | G75: =Overview!$C$4 -> 5 | I75: =IF(H75="","Not started",IF(H75>=G75,"Done","Partial")) -> Not started | L75: =MIN(N(H75),G75) -> 0
A76: carpet | B76: Day 1 | C76: 3 | D76: Bare | E76: carpet_bare_2 | F76: 2 m | G76: =Overview!$C$4 -> 5 | I76: =IF(H76="","Not started",IF(H76>=G76,"Done","Partial")) -> Not started | L76: =MIN(N(H76),G76) -> 0
A77: carpet | B77: Day 1 | C77: 3 | D77: Bare | E77: carpet_bare_2 | F77: 3 m | G77: =Overview!$C$4 -> 5 | I77: =IF(H77="","Not started",IF(H77>=G77,"Done","Partial")) -> Not started | L77: =MIN(N(H77),G77) -> 0
A78: carpet | B78: Day 1 | C78: 4 | D78: Enclosed | E78: carpet_vase_2 | F78: Noise baseline | G78: 1 | I78: =IF(H78="","Not started",IF(H78>=G78,"Done","Partial")) -> Not started | L78: =MIN(N(H78),G78) -> 0
A79: carpet | B79: Day 1 | C79: 4 | D79: Enclosed | E79: carpet_vase_2 | F79: 1 m | G79: =Overview!$C$4 -> 5 | I79: =IF(H79="","Not started",IF(H79>=G79,"Done","Partial")) -> Not started | L79: =MIN(N(H79),G79) -> 0
A80: carpet | B80: Day 1 | C80: 4 | D80: Enclosed | E80: carpet_vase_2 | F80: 2 m | G80: =Overview!$C$4 -> 5 | I80: =IF(H80="","Not started",IF(H80>=G80,"Done","Partial")) -> Not started | L80: =MIN(N(H80),G80) -> 0
A81: carpet | B81: Day 1 | C81: 4 | D81: Enclosed | E81: carpet_vase_2 | F81: 3 m | G81: =Overview!$C$4 -> 5 | I81: =IF(H81="","Not started",IF(H81>=G81,"Done","Partial")) -> Not started | L81: =MIN(N(H81),G81) -> 0
A82: carpet | B82: Day 2 | C82: 1 | D82: Bare | E82: carpet_bare_1 | F82: Noise baseline | G82: 1 | I82: =IF(H82="","Not started",IF(H82>=G82,"Done","Partial")) -> Not started | L82: =MIN(N(H82),G82) -> 0
A83: carpet | B83: Day 2 | C83: 1 | D83: Bare | E83: carpet_bare_1 | F83: 1 m | G83: =Overview!$C$4 -> 5 | I83: =IF(H83="","Not started",IF(H83>=G83,"Done","Partial")) -> Not started | L83: =MIN(N(H83),G83) -> 0
A84: carpet | B84: Day 2 | C84: 1 | D84: Bare | E84: carpet_bare_1 | F84: 2 m | G84: =Overview!$C$4 -> 5 | I84: =IF(H84="","Not started",IF(H84>=G84,"Done","Partial")) -> Not started | L84: =MIN(N(H84),G84) -> 0
A85: carpet | B85: Day 2 | C85: 1 | D85: Bare | E85: carpet_bare_1 | F85: 3 m | G85: =Overview!$C$4 -> 5 | I85: =IF(H85="","Not started",IF(H85>=G85,"Done","Partial")) -> Not started | L85: =MIN(N(H85),G85) -> 0
A86: carpet | B86: Day 2 | C86: 2 | D86: Enclosed | E86: carpet_vase_1 | F86: Noise baseline | G86: 1 | I86: =IF(H86="","Not started",IF(H86>=G86,"Done","Partial")) -> Not started | L86: =MIN(N(H86),G86) -> 0
A87: carpet | B87: Day 2 | C87: 2 | D87: Enclosed | E87: carpet_vase_1 | F87: 1 m | G87: =Overview!$C$4 -> 5 | I87: =IF(H87="","Not started",IF(H87>=G87,"Done","Partial")) -> Not started | L87: =MIN(N(H87),G87) -> 0
A88: carpet | B88: Day 2 | C88: 2 | D88: Enclosed | E88: carpet_vase_1 | F88: 2 m | G88: =Overview!$C$4 -> 5 | I88: =IF(H88="","Not started",IF(H88>=G88,"Done","Partial")) -> Not started | L88: =MIN(N(H88),G88) -> 0
A89: carpet | B89: Day 2 | C89: 2 | D89: Enclosed | E89: carpet_vase_1 | F89: 3 m | G89: =Overview!$C$4 -> 5 | I89: =IF(H89="","Not started",IF(H89>=G89,"Done","Partial")) -> Not started | L89: =MIN(N(H89),G89) -> 0
A90: carpet | B90: Day 2 | C90: 3 | D90: Bare | E90: carpet_bare_2 | F90: Noise baseline | G90: 1 | I90: =IF(H90="","Not started",IF(H90>=G90,"Done","Partial")) -> Not started | L90: =MIN(N(H90),G90) -> 0
A91: carpet | B91: Day 2 | C91: 3 | D91: Bare | E91: carpet_bare_2 | F91: 1 m | G91: =Overview!$C$4 -> 5 | I91: =IF(H91="","Not started",IF(H91>=G91,"Done","Partial")) -> Not started | L91: =MIN(N(H91),G91) -> 0
A92: carpet | B92: Day 2 | C92: 3 | D92: Bare | E92: carpet_bare_2 | F92: 2 m | G92: =Overview!$C$4 -> 5 | I92: =IF(H92="","Not started",IF(H92>=G92,"Done","Partial")) -> Not started | L92: =MIN(N(H92),G92) -> 0
A93: carpet | B93: Day 2 | C93: 3 | D93: Bare | E93: carpet_bare_2 | F93: 3 m | G93: =Overview!$C$4 -> 5 | I93: =IF(H93="","Not started",IF(H93>=G93,"Done","Partial")) -> Not started | L93: =MIN(N(H93),G93) -> 0
A94: carpet | B94: Day 2 | C94: 4 | D94: Enclosed | E94: carpet_vase_2 | F94: Noise baseline | G94: 1 | I94: =IF(H94="","Not started",IF(H94>=G94,"Done","Partial")) -> Not started | L94: =MIN(N(H94),G94) -> 0
A95: carpet | B95: Day 2 | C95: 4 | D95: Enclosed | E95: carpet_vase_2 | F95: 1 m | G95: =Overview!$C$4 -> 5 | I95: =IF(H95="","Not started",IF(H95>=G95,"Done","Partial")) -> Not started | L95: =MIN(N(H95),G95) -> 0
A96: carpet | B96: Day 2 | C96: 4 | D96: Enclosed | E96: carpet_vase_2 | F96: 2 m | G96: =Overview!$C$4 -> 5 | I96: =IF(H96="","Not started",IF(H96>=G96,"Done","Partial")) -> Not started | L96: =MIN(N(H96),G96) -> 0
A97: carpet | B97: Day 2 | C97: 4 | D97: Enclosed | E97: carpet_vase_2 | F97: 3 m | G97: =Overview!$C$4 -> 5 | I97: =IF(H97="","Not started",IF(H97>=G97,"Done","Partial")) -> Not started | L97: =MIN(N(H97),G97) -> 0

Sheet How to use
A1: How to use this matrix
A3: Edit only the yellow cells.
A4: Trials sheet: Done (number of good trials), Date done, Notes.
A5: Overview sheet: Drops per radius per block (C4), if you run 3 drops instead of 5.
A6: Everything else is a label or a formula.
A8: One row per block and radius. Each block starts with its noise baseline row, then 1, 2 and 3 m.
A9: Shuffle the radius order inside each block when you run it (procedure section 1); the row order here is only for the checklist.
A10: A trial marked invalid and repeated counts once. Write the reason in Notes.
A11: Filter the Trials sheet by Floor, Day or Status to see what is left.
A13: Example of a filled-in row (not counted anywhere):
A14: Floor | B14: Day | C14: Block | D14: Condition | E14: ID prefix | F14: Radius | G14: Planned | H14: Done | I14: Status | J14: Date done | K14: Notes
A15: tile | B15: Day 1 | C15: 2 | D15: Enclosed | E15: tile_vase_1 | F15: 2 m | G15: 5 | H15: 4 | I15: Partial | J15: 2026-10-22 | K15: drop 3 repeated (ball rolled); one left to do
